{"cameraMode":{"drawMode":0,"name":"Shaded","section":"Shading Mode"},"sceneLighting":true,"audioPlay":false,"sceneViewState":{"m_AlwaysRefresh":false,"showFog":true,"showSkybox":true,"showFlares":true,"showImageEffects":true,"showParticleSystems":true,"showVisualEffectGraphs":true,"m_FxEnabled":true},"in2DMode":false,"pivot":{"x":0.7228164672851563,"y":-0.5905844569206238,"z":2.281963348388672},"rotation":{"x":0.24788816273212434,"y":-0.005806857254356146,"z":0.0015086669009178877,"w":0.9687885642051697},"size":5.4959635734558109,"orthographic":false}